Keyword,Response
X-ray,"""An X-ray is a type of imaging that uses radiation to view the internal structure of the body."""
CT Scan,"""A CT scan (computed tomography) combines X-ray images taken from different angles and uses computer processing to create cross-sectional images of bones and soft tissues."""
MRI,"""MRI (magnetic resonance imaging) uses strong magnets and radio waves to create detailed images of organs and tissues inside the body."""
Ultrasound,"""Ultrasound imaging uses high-frequency sound waves to produce images of organs and structures inside the body."""
PET Scan,"""A PET scan (positron emission tomography) helps to visualize metabolic processes in the body using radioactive tracers."""
Fluoroscopy,"""Fluoroscopy provides real-time X-ray imaging to observe movement within the body, such as swallowing or joint motion."""
Mammogram,"""A mammogram is an X-ray of the breast used to detect and diagnose breast diseases, including cancer."""
Bone Density Scan,"""A bone density scan measures the amount of calcium and other minerals in your bones to assess bone health and risk of osteoporosis."""
Contrast Agent,"""A contrast agent is a substance used to enhance the visibility of specific areas or structures in imaging tests."""
Radiologist,"""A radiologist is a medical doctor who specializes in interpreting medical images to diagnose and treat conditions."""
Chest X-ray,"""A chest X-ray is used to examine the organs and structures inside the chest, including the heart and lungs."""
Abdominal Ultrasound,"""An abdominal ultrasound is used to visualize the organs and structures in the abdominal cavity, such as the liver and kidneys."""
Angiography,"""Angiography is an imaging technique used to visualize the inside of blood vessels and organs, typically using a contrast agent."""
Interventional Radiology,"""Interventional radiology uses imaging guidance to perform minimally invasive procedures for diagnosis and treatment."""
Nuclear Medicine,"""Nuclear medicine involves using radioactive substances to diagnose and treat diseases by examining the function of organs and tissues."""
CT Angiography,"""CT angiography combines CT scans with contrast agents to visualize blood vessels and detect abnormalities."""
Magnetic Resonance Angiography,"""Magnetic resonance angiography uses MRI technology to visualize blood vessels without using contrast agents."""
Radionuclide Therapy,"""Radionuclide therapy uses radioactive materials to target and treat specific types of cancer or other diseases."""
Digital Radiography,"""Digital radiography is an advanced form of X-ray imaging that uses digital sensors to produce images for faster and more accurate diagnostics."""
Sonography,"""Sonography, or ultrasound imaging, is a non-invasive method to view internal body structures using sound waves."""
DICOM,"""DICOM (Digital Imaging and Communications in Medicine) is a standard for transmitting, storing, and sharing medical imaging information."""
CT Slice,"""A CT slice is a cross-sectional image obtained from a CT scan that provides detailed views of body structures."""
MRI Scan,"""An MRI scan uses magnetic fields and radio waves to create detailed images of organs and tissues, often used to examine the brain and spine."""
Radiographic Contrast,"""Radiographic contrast agents enhance the visibility of internal structures during X-ray imaging by altering the way X-rays pass through the body."""
Imaging Modalities,"""Imaging modalities refer to the different methods and technologies used to obtain images of the body, including X-ray, MRI, CT, and ultrasound."""
Radiologic Technician,"""A radiologic technician operates imaging equipment and assists radiologists by performing imaging procedures and preparing patients."""
Ultrasound Gel,"""Ultrasound gel is a conductive substance used to eliminate air gaps between the transducer and the skin, improving image quality during an ultrasound exam."""
Cervical Spine X-ray,"""A cervical spine X-ray examines the neck region to diagnose conditions like fractures, degenerative diseases, or alignment issues."""
Spinal MRI,"""A spinal MRI provides detailed images of the spine, including the vertebrae, discs, and spinal cord, to diagnose conditions such as herniated discs or tumors."""
Radiologic Interpretation,"""Radiologic interpretation involves analyzing medical images to diagnose and assess conditions based on visual findings."""
CT Imaging Protocols,"""CT imaging protocols are standardized procedures used to obtain optimal images and diagnostic information from a CT scan."""
MRI Contrast Agents,"""MRI contrast agents are substances injected into the body to enhance the visibility of certain tissues or abnormalities during an MRI."""
Breast Ultrasound,"""Breast ultrasound is used to evaluate breast abnormalities and complement mammography for better diagnosis of breast conditions."""
Interventional Procedures,"""Interventional procedures in radiology involve using imaging guidance to perform targeted treatments or biopsies."""
Whole-Body CT,"""Whole-body CT scans provide comprehensive imaging of the entire body to assess and diagnose a range of conditions."""
PET/CT Scan,"""A PET/CT scan combines the functional imaging of PET with the structural imaging of CT for a more complete diagnosis."""
Spinal X-ray,"""A spinal X-ray examines the bones of the spine to identify fractures, deformities, or degenerative changes."""
Functional MRI,"""Functional MRI (fMRI) measures and maps brain activity by detecting changes in blood flow and oxygenation."""
Endovenous Laser Therapy,"""Endovenous laser therapy is a minimally invasive procedure used to treat varicose veins using laser technology guided by imaging."""
Cardiac MRI,"""Cardiac MRI provides detailed images of the heart and surrounding structures to assess heart function and diagnose conditions."""
Pelvic Ultrasound,"""A pelvic ultrasound visualizes the organs and structures within the pelvis, including the bladder, ovaries, and uterus."""
X-ray Fluoroscopy,"""X-ray fluoroscopy provides continuous X-ray imaging to observe real-time movement within the body, often used in guided procedures."""
CT Scan with Contrast,"""A CT scan with contrast involves injecting a contrast agent to enhance the visibility of blood vessels and tissues during the scan."""
MRI Safety,"""MRI safety involves ensuring that patients and staff adhere to guidelines to prevent accidents related to the strong magnetic fields used in MRI."""
Radiology Report,"""A radiology report is a written document prepared by a radiologist that describes the findings and interpretations of medical imaging studies."""
Sonographic Evaluation,"""Sonographic evaluation uses ultrasound technology to assess and diagnose conditions based on real-time imaging of body structures."""
Image Reconstruction,"""Image reconstruction is the process of creating detailed images from raw data collected during imaging procedures, such as CT or MRI scans."""
CT Imaging Artifacts,"""CT imaging artifacts are distortions or anomalies in images caused by various factors, such as patient movement or metal objects."""
Radiology Consultation,"""A radiology consultation involves discussing imaging findings and diagnostic options with a radiologist to determine the best course of action."""
MRI Sequences,"""MRI sequences are specific imaging techniques used during an MRI scan to capture different types of tissue and abnormalities."""
Digital Subtraction Angiography,"""Digital subtraction angiography (DSA) is an imaging technique used to visualize blood vessels by subtracting pre-contrast images from post-contrast images."""
Teleradiology,"""Teleradiology is the practice of transmitting radiological images and reports over the internet for remote interpretation and consultation."""
Dual-Energy CT,"""Dual-energy CT uses two different X-ray energy levels to improve the differentiation of tissues and materials in imaging."""
Radiosensitivity,"""Radiosensitivity refers to the susceptibility of tissues or cells to damage caused by radiation exposure during imaging procedures."""
Diagnostic Imaging,"""Diagnostic imaging encompasses various techniques and technologies used to create images of the body for diagnosing and monitoring medical conditions."""
MRI Protocols,"""MRI imaging protocols are standardized methods used to perform MRI scans and ensure consistent, high-quality images for diagnosis."""
Computed Tomography (CT),"""Computed Tomography (CT) combines X-ray technology with computer processing to create detailed cross-sectional images of the body."""
Magnetic Resonance Imaging (MRI),"""Magnetic Resonance Imaging (MRI) uses magnetic fields and radio waves to generate detailed images of internal body structures."""
Sonographic Imaging,"""Sonographic imaging, or ultrasound, is a technique that uses sound waves to create visual images of internal body parts."""
Chest CT,"""Chest CT provides detailed images of the chest, including the lungs, heart, and surrounding structures, to diagnose respiratory and cardiovascular conditions."""
Interventional Procedures,"""Interventional procedures in radiology use imaging techniques to guide minimally invasive treatments and diagnostic procedures."""
MRI Imaging Contrast,"""MRI imaging contrast agents enhance the visibility of specific tissues and abnormalities during an MRI scan."""
PET Imaging,"""PET imaging evaluates metabolic activity and can help diagnose cancers, brain disorders, and heart conditions by detecting radioactive tracers."""
CT Scan Preparation,"""CT scan preparation may include fasting or drinking contrast agents to improve image clarity and diagnostic accuracy."""
MRI Safety Guidelines,"""MRI safety guidelines ensure that patients and staff adhere to guidelines to prevent accidents related to the strong magnetic fields used in MRI."""
CT Radiation Dose,"""CT radiation dose refers to the amount of radiation a patient is exposed to during a CT scan, and minimizing this dose is crucial for patient safety."""
Ultrasound Doppler,"""Ultrasound Doppler measures blood flow and can help diagnose vascular conditions by visualizing the movement of blood within vessels."""
Radiology Workflow,"""Radiology workflow involves the steps from patient preparation and imaging to interpretation and reporting of results."""
MRI Artifact,"""MRI artifacts are distortions or errors in MRI images caused by factors like metal implants or patient movement."""
X-ray Projection,"""X-ray projection refers to the orientation and angle at which X-rays are directed to obtain the desired image view."""
3D Mammography,"""3D mammography, or tomosynthesis, provides a three-dimensional view of the breast tissue for improved detection and diagnosis of breast cancer."""
PET/CT Fusion,"""PET/CT fusion combines PET and CT images to provide a comprehensive view of metabolic activity and anatomical structures."""
Endoscopic Ultrasound,"""Endoscopic ultrasound combines endoscopy with ultrasound imaging to visualize and evaluate internal organs and structures."""
Magnetic Resonance Spectroscopy,"""Magnetic Resonance Spectroscopy (MRS) provides information about the chemical composition of tissues, often used to assess tumors or brain disorders."""
Digital X-ray,"""Digital X-ray uses digital sensors instead of traditional film to capture images, offering faster results and improved image quality."""
Barium Swallow Study,"""A barium swallow study uses a contrast agent to evaluate the function and structure of the esophagus and swallowing process."""
PET Scan Preparation,"""PET scan preparation may involve fasting and avoiding certain medications to ensure accurate imaging results."""
Breast MRI,"""Breast MRI provides detailed images of the breast tissue and is used to evaluate abnormalities detected by mammography or ultrasound."""
CT Perfusion Imaging,"""CT perfusion imaging measures blood flow to tissues, often used to assess brain function or evaluate tumors."""
Ultrasound-guided Biopsy,"""An ultrasound-guided biopsy uses ultrasound imaging to guide a needle to collect tissue samples for diagnostic purposes."""
MRI Artifacts,"""MRI artifacts are unwanted anomalies in MRI images caused by factors such as metal implants, motion, or technical issues."""
Contrast-enhanced MRI,"""Contrast-enhanced MRI involves the use of a contrast agent to improve the visibility of certain tissues or abnormalities in MRI images."""
Nuclear Scintigraphy,"""Nuclear scintigraphy involves using radioactive tracers to evaluate the function of organs or detect abnormalities."""
CT Scan with Iodine Contrast,"""CT scans with iodine contrast enhance the visibility of blood vessels and tissues, improving diagnostic accuracy."""
Fluoroscopy-guided Injection,"""Fluoroscopy-guided injection uses real-time X-ray imaging to accurately place injections or medications into specific body areas."""
X-ray Absorptiometry,"""X-ray absorptiometry measures bone density using X-rays to assess bone health and diagnose osteoporosis."""
CT Colonography,"""CT colonography, or virtual colonoscopy, uses CT imaging to visualize the colon and detect abnormalities or tumors."""
Magnetic Resonance Imaging Protocols,"""MRI imaging protocols are specific techniques and settings used to capture detailed images of different body structures."""
Radiation Protection,"""Radiation protection involves measures and practices to minimize radiation exposure to patients and healthcare providers during imaging procedures."""
PET Scan Tracer,"""PET scan tracers are radioactive substances used to highlight metabolic activity in tissues during a PET scan."""
Ultrasound Imaging Modes,"""Ultrasound imaging modes include various techniques like B-mode, Doppler, and 3D to visualize different types of tissues and blood flow."""
CT Scan Artifact Reduction,"""CT scan artifact reduction techniques minimize distortions or errors in CT images caused by factors such as metal implants or patient movement."""
MRI Safety Precautions,"""MRI safety precautions include screening for metal objects and ensuring that patients are aware of the safety guidelines related to MRI scans."""
Nuclear Medicine Imaging,"""Nuclear medicine imaging uses radioactive substances to assess organ function and detect abnormalities through specialized imaging techniques."""
CT Scan for Trauma,"""CT scans for trauma are used to quickly assess and diagnose internal injuries and bleeding in emergency situations."""
MRI of the Brain,"""MRI of the brain provides detailed images to diagnose conditions like tumors, strokes, or neurological disorders."""
Ultrasound for Pregnancy,"""Ultrasound for pregnancy monitors fetal development, checks for abnormalities, and helps assess the health of the mother and baby."""
Diagnostic Imaging Interpretation,"""Diagnostic imaging interpretation involves analyzing images from various modalities to diagnose and guide treatment decisions."""
Interventional Radiology Procedures,"""Interventional radiology procedures use imaging guidance to perform minimally invasive treatments for conditions like blockages or tumors."""
PET Imaging for Cancer,"""PET imaging for cancer detects metabolic changes in cancer cells, aiding in diagnosis, staging, and monitoring of cancer treatment."""